{
  "completed_and_safe": 23,
  "complete_but_unsafe": 13,
  "incomplete": 6,
  "reject": 8,
  "total": 50,
  "completed_and_safe_rate": 0.5476190476190477,
  "complete_but_unsafe_rate": 0.30952380952380953,
  "incomplete_rate": 0.14285714285714285
}